<?xml version="1.0" ?>

<container xmlns="http://symfony.com/schema/dic/services"
    xmlns:xsi="http://www.w3.org/2001/XMLSchema-instance"
    xsi:schemaLocation="http://symfony.com/schema/dic/services http://symfony.com/schema/dic/services/services-1.0.xsd">
    <services>
        <service id="Webkul\GPA\Controller\Api\GpaApiController">
            <tag name="controller.service_arguments"/>
            <argument type="service" id="Shopware\Core\System\SystemConfig\SystemConfigService" />
        </service>

        <service id="Webkul\GPA\Controller\Storefront\GpaController">
            <tag name="controller.service_arguments" />
            <argument type="service" id="Shopware\Core\System\SystemConfig\SystemConfigService" />
        </service>
        
        <service id = "Webkul\GPA\Resources\snippet\de_DE\SnippetFile_de_DE" >
            <tag name="shopware.snippet.file" priority="100"/>
        </service> 

        <service id="Webkul\GPA\Resources\snippet\en_GB\SnippetFile_en_GB">
            <tag name="shopware.snippet.file"  priority="100"/>
        </service>
    </services>
</container>